,mean_reward_t,mean_reward_p,mean_reward_d,accuracy_t,accuracy_p,accuracy_d,learning_gain_t,learning_gain_p,learning_gain_d,mean_engagement_t,mean_engagement_p,mean_engagement_d
heuristic,-23.57104700322579,1.9502998242165385e-05,-19.24567928702058,14.749246369098836,0.0001380278446172563,12.042709231629876,0.5630768037019426,0.629630166783564,0.45975028502234855,-33.760260579447724,8.964666028248879e-06,-27.56513733434816
random,0.2993984318446879,0.7808344263751761,0.24445779593631048,-1.6020025635873305,0.20524719869887284,-1.308029615806507,-0.664946882684425,0.5667635606185225,-0.5429268562103828,0.493148285363624,0.647794940543033,0.40265388888976955
staircase,-10.040975144304772,0.0006151715476738249,-8.198421874505126,2.7659216512123566,0.05594119217876502,2.2583655713288593,-0.12217927841064402,0.9114422591947673,-0.09975896308250758,-18.0597530028622,0.00024903730815565726,-14.745726579236221
static,-30.991357211132122,7.3852895911681855e-06,-25.304337201199207,-1.1278809266121024,0.3481427920697047,-0.920910920272377,-0.6390322698482039,0.570079659109258,-0.5217676634335424,-26.886944518079545,0.00010447377591641552,-21.953098270605413
